refYear,cmdCode,value,share
2010,1,1799043.0,3.85745660124457e-06
2010,2,30517205.0,6.543411907263128e-05
2010,3,1395720557.0,0.002992664142042407
2010,4,24015737.0,5.14938571364906e-05
2010,5,56280915.0,0.00012067592997545613
2010,6,105091432.0,0.00022533404599147703
2010,7,131137075.0,0.0002811803695779669
2010,8,144517443.0,0.00030987017236126975
2010,9,31853340.0,6.829902156573674e-05
2010,10,6950433.0,1.4902919862036704e-05
2010,11,66642692.0,0.00014289335617887326
2010,12,204600190.0,0.0004386978818913129
2010,13,57588317.0,0.00012347922399087453
2010,14,90267.0,1.93547922436842e-07
2010,15,62660920.0,0.00013435575441724177
2010,16,185092825.0,0.0003968707471912878
2010,17,389915686.0,0.000836046073879004
2010,18,40451387.0,8.67347082936032e-05
2010,19,516802932.0,0.0011081140815344317
2010,20,183813991.0,0.00039412870786527057
2010,21,683610922.0,0.0014657790079235387
2010,22,474677952.0,0.001017790902945429
2010,23,118954218.0,0.0002550582356675108
2010,24,597499924.0,0.0012811422662365095
2010,25,350146575.0,0.0007507742822917111
2010,26,188300359.0,0.00040374824995359883
2010,27,32579698495.0,0.06985645869837215
2010,28,2900552458.0,0.006219281710536248
2010,29,16828753247.0,0.036083731908217946
2010,30,903038787.0,0.0019362699669174329
2010,31,424139347.0,0.0009094274700119514
2010,32,1512465645.0,0.0032429856242796175
2010,33,824907160.0,0.001768742364554883
2010,34,523234297.0,0.0011219040306208422
2010,35,287476678.0,0.0006163992796475457
2010,36,16814266.0,3.6052668767106804e-05
2010,37,323399289.0,0.0006934235158308336
2010,38,2838401687.0,0.006086019803029651
2010,39,23953247018.0,0.051359867902449195
2010,40,6574672057.0,0.01409722398369181
2010,41,804025457.0,0.001723968413580627
2010,42,104112549.0,0.00022323515302994355
2010,43,13820112.0,2.9632689304446472e-05
2010,44,52439851.0,0.00011244003028734258
2010,45,215017.0,4.610333082810159e-07
2010,46,1105397.0,2.370160665779497e-06
2010,47,107144557.0,0.00022973629795790043
2010,48,2763041088.0,0.005924433759735359
2010,49,357882289.0,0.0007673609792381654
2010,50,90746933.0,0.0001945769810635703
2010,51,77997921.0,0.0001672409137773819
2010,52,710517051.0,0.00152347036100681
2010,53,12115888.0,2.597854089398634e-05
2010,54,3009208858.0,0.006452259659060808
2010,55,1568483578.0,0.0033630976757641714
2010,56,662056999.0,0.0014195637020308683
2010,57,35171545.0,7.541382192433447e-05
2010,58,528543063.0,0.001133286935004541
2010,59,1278088233.0,0.0027404402737226724
2010,60,3697840230.0,0.007928803372438146
2010,61,796633558.0,0.001708118914934245
2010,62,674955402.0,0.0014472200892310981
2010,63,596795246.0,0.0012796313158018329
2010,64,435861766.0,0.0009345623459176995
2010,65,100798726.0,0.00021612974843055038
2010,66,4370187.0,9.37043010746447e-06
2010,67,41778057.0,8.957931620412737e-05
2010,68,462468664.0,0.0009916120964399166
2010,69,131396704.0,0.00028173705866206577
2010,70,767900298.0,0.0016465098797626139
2010,71,4533370703.0,0.009720323941215461
2010,72,21751233245.0,0.04663837288276911
2010,73,7685524632.0,0.016479082337518415
2010,74,4393776314.0,0.009421009640587431
2010,75,310023026.0,0.0006647425148712492
2010,76,2357692223.0,0.005055296304376457
2010,78,255626252.0,0.0005481065061973549
2010,79,885691932.0,0.0018990753360328
2010,80,40322262.0,8.645784215775446e-05
2010,81,259072875.0,0.0005554966567626006
2010,82,1404580660.0,0.0030116617217584318
2010,83,785723917.0,0.0016847267743947145
2010,84,52030741950.0,0.11156283035073662
2010,85,110789265977.0,0.23755117881563648
2010,86,679551713.0,0.0014570753679589122
2010,87,53445486945.0,0.11459628614920306
2010,88,1245095544.0,0.002669698292582778
2010,89,46735317078.0,0.10020853163253418
2010,90,37829196137.0,0.08111228156216735
2010,91,77526801.0,0.0001662307517334628
2010,92,154186647.0,0.0003306026033251658
2010,93,244906721.0,0.0005251219940883081
2010,94,965492541.0,0.0020701815219162875
2010,95,435406802.0,0.0009335868251073973
2010,96,523291284.0,0.0011220262205181015
2010,97,135467487.0,0.0002904655152668185
2011,1,1721285.0,3.1002475037936237e-06
2011,2,39738129.0,7.157329276539273e-05
2011,3,1781495106.0,0.0032086933630381125
2011,4,19148556.0,3.448892132346033e-05
2011,5,130584889.0,0.0002351995608835361
2011,6,92352244.0,0.00016633783128926335
2011,7,138761906.0,0.0002499273814029318
2011,8,125638052.0,0.00022628969467258095
2011,9,45558717.0,8.20568927605191e-05
2011,10,7122663.0,1.2828798360592931e-05
2011,11,58387151.0,0.00010516249147664181
2011,12,305409315.0,0.0005500800079382964
2011,13,67294371.0,0.00012120549805064939
2011,14,60461.0,1.0889775041719779e-07
2011,15,107126106.0,0.00019294738681719246
2011,16,222438049.0,0.00040063848006633053
2011,17,473389337.0,0.0008526328355599268
2011,18,49107691.0,8.844903455256893e-05
2011,19,644622740.0,0.001161045405364949
2011,20,194666610.0,0.00035061867832721885
2011,21,927388360.0,0.0016703413136913774
2011,22,649896264.0,0.001170543675330234
2011,23,139886235.0,0.00025195243720466874
2011,24,638301213.0,0.0011496595521785712
2011,25,556787101.0,0.0010028425391609978
2011,26,251621278.0,0.00045320109047651113
2011,27,53088429157.0,0.09561883707480974
2011,28,4204332025.0,0.007572522775499607
2011,29,22468838577.0,0.04046916153425268
2011,30,1001072623.0,0.001803055798761905
2011,31,604205122.0,0.0010882482687409824
2011,32,1718686371.0,0.0030955670510675872
2011,33,860876606.0,0.0015505454058019601
2011,34,647171113.0,0.0011656353408096808
2011,35,384599384.0,0.0006927111316293149
2011,36,17375203.0,3.129489290190612e-05
2011,37,402767500.0,0.000725434159063838
2011,38,3566607609.0,0.006423902106166959
2011,39,27719359622.0,0.04992600032816371
2011,40,9213625143.0,0.016594880191528955
2011,41,859192172.0,0.0015475115315139688
2011,42,151241510.0,0.0002724046940788297
2011,43,21385933.0,3.851871444853565e-05
2011,44,73035659.0,0.0001315462689227364
2011,45,188907.0,3.402449072635514e-07
2011,46,1017792.0,1.8331694677994172e-06
2011,47,89363006.0,0.00016095384336875916
2011,48,3209492093.0,0.005780692825283798
2011,49,283436925.0,0.0005105050117872349
2011,50,103497747.0,0.00018641226280657417
2011,51,106710390.0,0.0001921986308056737
2011,52,830364022.0,0.0014955884623670884
2011,53,12853254.0,2.3150302610622535e-05
2011,54,3523621986.0,0.006346479674434409
2011,55,1945165008.0,0.0035034831306371135
2011,56,744888351.0,0.0013416361908647893
2011,57,40587830.0,7.310370952044546e-05
2011,58,514199080.0,0.0009261362378821508
2011,59,1384881966.0,0.002494343968686363
2011,60,4234276264.0,0.0076264560591875205
2011,61,869304171.0,0.0015657244943052054
2011,62,795544806.0,0.0014328747412296527
2011,63,629858113.0,0.0011344524832159766
2011,64,463471854.0,0.000834770220179751
2011,65,127195490.0,0.0002290948334333401
2011,66,4386681.0,7.900955867383332e-06
2011,67,52985063.0,9.543266182189346e-05
2011,68,519576341.0,0.0009358213510345322
2011,69,164258336.0,0.00029584961012342194
2011,70,838997766.0,0.001511138904789112
2011,71,6325660399.0,0.011393297949988484
2011,72,27581062849.0,0.04967691070891067
2011,73,11690015789.0,0.02105516650011782
2011,74,5018130563.0,0.009038274749185197
2011,75,198694025.0,0.0003578725516256505
2011,76,2698235846.0,0.0048598569941688775
2011,78,434569609.0,0.0007827136967595844
2011,79,1100496281.0,0.0019821301226144515
2011,80,58155687.0,0.00010474559614076303
2011,81,432212228.0,0.000778467761565389
2011,82,1705577976.0,0.0030719572079111715
2011,83,958454034.0,0.0017262944407285424
2011,84,59658651909.0,0.10745262211694749
2011,85,118542862472.0,0.2135103794382504
2011,86,835185285.0,0.0015042721542489572
2011,87,67096998404.0,0.12085000555634061
2011,88,915412031.0,0.0016487704616320953
2011,89,54133104355.0,0.09750042651227919
2011,90,36499241824.0,0.065739655754402
2011,91,82930601.0,0.00014936828516971622
2011,92,154239229.0,0.00027780395733089123
2011,93,262559589.0,0.0004729023435365612
2011,94,1521121293.0,0.002739727872833714
2011,95,444934362.0,0.0008013819008139318
2011,96,597127527.0,0.001075500643431047
2011,97,101835398.0,0.00018341816633929314
2012,1,1539152.0,2.80941773060645e-06
2012,2,33997126.0,6.205503327420654e-05
2012,3,1770291967.0,0.0032313180507448054
2012,4,33194586.0,6.059015514292327e-05
2012,5,163784383.0,0.00029895601577793334
2012,6,85339821.0,0.00015577097404556578
2012,7,161302862.0,0.0002944264897166527
2012,8,141337513.0,0.0002579836916834852
2012,9,32547228.0,5.9408531077691295e-05
2012,10,4964559.0,9.061821106194727e-06
2012,11,59882591.0,0.00010930383283136054
2012,12,293203666.0,0.0005351853344823718
2012,13,67928843.0,0.00012399067534836185
2012,14,188851.0,3.447101701734193e-07
2012,15,103691267.0,0.0001892679111737161
2012,16,225070541.0,0.00041082178272359456
2012,17,452901907.0,0.0008266829057502271
2012,18,55230484.0,0.00010081233108853178
2012,19,725199555.0,0.001323708436882717
2012,20,206007701.0,0.000376026336470259
2012,21,935418460.0,0.0017074214938229495
2012,22,721039798.0,0.001316115622741674
2012,23,136917348.0,0.0002499155542134978
2012,24,700413821.0,0.0012784669788813662
2012,25,567251599.0,0.001035405664902141
2012,26,188936536.0,0.00034486629923345056
2012,27,57492603164.0,0.10494138246752893
2012,28,3176888038.0,0.005798781135397113
2012,29,23284736423.0,0.0425016836279159
2012,30,1181642484.0,0.0021568547783373236
2012,31,540510788.0,0.0009865956002989074
2012,32,1972223693.0,0.0035999045005537674
2012,33,1028367327.0,0.0018770812772553726
2012,34,715288807.0,0.001305618325474115
2012,35,438972572.0,0.0008012576581303968
2012,36,17604622.0,3.213375754144125e-05
2012,37,460544283.0,0.0008406325524637168
2012,38,3246652451.0,0.005926122280941901
2012,39,28381150285.0,0.051804179720836736
2012,40,9340214843.0,0.017048715908238914
2012,41,929982029.0,0.0016974983636560664
2012,42,384756816.0,0.0007022975124237785
2012,43,16106352.0,2.9398961820657518e-05
2012,44,96346679.0,0.00017586181759023678
2012,45,279308.0,5.098215429666637e-07
2012,46,889780.0,1.624117506483445e-06
2012,47,95315309.0,0.00017397925552696064
2012,48,3017971593.0,0.005508710578189024
2012,49,245154138.0,0.0004474804191065863
2012,50,97420548.0,0.00017782195317720195
2012,51,90685371.0,0.00016552821891146813
2012,52,776413890.0,0.001417190081847099
2012,53,10046699.0,1.833826308556016e-05
2012,54,3452432013.0,0.006301732194764076
2012,55,1873381984.0,0.0034194884988930844
2012,56,740742925.0,0.0013520797863474717
2012,57,42288511.0,7.718931762707381e-05
2012,58,497755156.0,0.0009085536456225113
2012,59,1330523955.0,0.0024286084741296627
2012,60,4069828914.0,0.007428668196205699
2012,61,888031654.0,0.0016209262464573818
2012,62,838220656.0,0.0015300061157877648
2012,63,673770096.0,0.0012298341255800663
2012,64,474389216.0,0.0008659037409163572
2012,65,136541585.0,0.0002492296731343673
2012,66,4279513.0,7.811405046779525e-06
2012,67,52350636.0,9.555573782636434e-05
2012,68,545791138.0,0.0009962338354529453
2012,69,153174059.0,0.0002795889666670728
2012,70,1096661994.0,0.002001739692003015
2012,71,6433960331.0,0.011743922778211603
2012,72,25375016539.0,0.04631707679234963
2012,73,12467431128.0,0.02275683107718924
2012,74,4570451073.0,0.008342454989081958
2012,75,146252215.0,0.0002669545086914526
2012,76,2561823612.0,0.004676102606005813
2012,78,419058225.0,0.0007649079541666236
2012,79,1038688391.0,0.001895920339414486
2012,80,67295465.0,0.00012283456900969223
2012,81,350815781.0,0.0006403448621825195
2012,82,1881112502.0,0.0034335990314044757
2012,83,1106845338.0,0.0020203273735253497
2012,84,58979883076.0,0.10765611795508806
2012,85,119084385606.0,0.2173650064190359
2012,86,852231321.0,0.0015555798152460296
2012,87,70074094361.0,0.1279064076543336
2012,88,1179533889.0,0.0021530059549724656
2012,89,37828428936.0,0.06904831944719202
2012,90,37611610626.0,0.06865256048093389
2012,91,85132711.0,0.00015539293568016333
2012,92,156817333.0,0.00028623904318521884
2012,93,378290803.0,0.0006904950838341838
2012,94,2056236379.0,0.0037532530519926587
2012,95,427327052.0,0.0007800010633495486
2012,96,821909553.0,0.0015002334214898995
2012,97,123301291.0,0.00022506213365675742
2013,1,1637942.0,2.9268900645870394e-06
2013,2,45498732.0,8.130311491011794e-05
2013,3,1538267054.0,0.002748777769319167
2013,4,43744123.0,7.81677489146584e-05
2013,5,275247119.0,0.0004918477320364863
2013,6,62542770.0,0.00011175964235897996
2013,7,162067313.0,0.0002896031777767576
2013,8,148595555.0,0.0002655300697895878
2013,9,27449370.0,4.905014239342635e-05
2013,10,3799882.0,6.7901286323954866e-06
2013,11,59197156.0,0.00010578125950015876
2013,12,291958854.0,0.0005217104568054412
2013,13,81655118.0,0.00014591209798447217
2013,14,157781.0,2.8194383029472815e-07
2013,15,86434341.0,0.00015445224184496654
2013,16,230903533.0,0.00041260878383712337
2013,17,423181743.0,0.0007561967634393196
2013,18,51146773.0,9.139577697463563e-05
2013,19,761063658.0,0.0013599685819879266
2013,20,186021341.0,0.00033240738363999315
2013,21,1015076008.0,0.00181387123757488
2013,22,707165446.0,0.0012636561721456941
2013,23,190397563.0,0.0003402273923412947
2013,24,617323389.0,0.0011031145754253203
2013,25,512690318.0,0.0009161424506876128
2013,26,161401065.0,0.00028841263827551094
2013,27,54112787284.0,0.09669584116449269
2013,28,3099622046.0,0.005538812101046528
2013,29,24856006195.0,0.044415979062420646
2013,30,1243125359.0,0.0022213797938469716
2013,31,462642467.0,0.0008267103719901787
2013,32,2278277490.0,0.004071125686900573
2013,33,1276977291.0,0.0022818708756055907
2013,34,763001107.0,0.0013634306705287565
2013,35,443678082.0,0.000792822316102056
2013,36,28314164.0,5.0595469985315733e-05
2013,37,465002922.0,0.000830928343253755
2013,38,3475793694.0,0.006211005047506496
2013,39,31172467684.0,0.05570306271709264
2013,40,8321428255.0,0.014869821814651168
2013,41,1006486474.0,0.001798522329173952
2013,42,657606635.0,0.0011750979744020336
2013,43,15643812.0,2.7954419579611185e-05
2013,44,93711825.0,0.00016745660684372178
2013,45,246972.0,4.413220327894335e-07
2013,46,1065883.0,1.9046598491962642e-06
2013,47,73796602.0,0.0001318694686344718
2013,48,3246479470.0,0.005801236249897004
2013,49,291394294.0,0.0005207016267889551
2013,50,86056817.0,0.0001537776323381933
2013,51,77970042.0,0.0001393271198035304
2013,52,785696306.0,0.0014039854352682441
2013,53,10279113.0,1.8368070244530927e-05
2013,54,3478672424.0,0.006216149140664634
2013,55,1933954299.0,0.0034558437497228182
2013,56,778018805.0,0.0013902662673137274
2013,57,52199605.0,9.327711558154559e-05
2013,58,502450415.0,0.0008978444460250331
2013,59,1340618585.0,0.0023955935050430574
2013,60,4087689469.0,0.007304420848804885
2013,61,932474459.0,0.0016662679322761579
2013,62,986087022.0,0.0017620699069381097
2013,63,673861465.0,0.0012041442412591941
2013,64,522804807.0,0.000934216349129972
2013,65,134700046.0,0.0002406997478157451
2013,66,7148809.0,1.277443159509336e-05
2013,67,47045151.0,8.406645964808095e-05
2013,68,587006930.0,0.001048941141542704
2013,69,196997636.0,0.00035202127032308477
2013,70,1256696564.0,0.0022456306068055344
2013,71,3977912193.0,0.007108256382394091
2013,72,22269931232.0,0.03979484039238105
2013,73,11179899115.0,0.019977713278479296
2013,74,4520788767.0,0.00807833960312941
2013,75,266976531.0,0.00047706875827215723
2013,76,2644571777.0,0.004725668466397828
2013,78,484875074.0,0.0008664385165387452
2013,79,1029124890.0,0.0018389756265852087
2013,80,63366555.0,0.00011323168967924882
2013,81,461324720.0,0.0008243556484395649
2013,82,1903459245.0,0.0034013511788188147
2013,83,1233122329.0,0.0022035050649965205
2013,84,59318362675.0,0.10599784751903803
2013,85,135497123313.0,0.24212407033029534
2013,86,478542132.0,0.0008551219833407407
2013,87,72771812973.0,0.13003824089782173
2013,88,1748252538.0,0.0031240074336339597
2013,89,35869753601.0,0.0640967906274777
2013,90,35943226078.0,0.06422808090695761
2013,91,88377608.0,0.00015792472675294243
2013,92,138328683.0,0.0002471838733728728
2013,93,390208376.0,0.0006972756171055164
2013,94,2402748064.0,0.004293546069535639
2013,95,412924053.0,0.000737866974627131
2013,96,801390522.0,0.0014320299233403998
2013,97,173547132.0,0.0003101168273286694
2014,1,1819926.0,3.1757217128700675e-06
2014,2,47572558.0,8.301282875093307e-05
2014,3,1433740982.0,0.0025018392875144663
2014,4,53345289.0,9.308608842152306e-05
2014,5,213300757.0,0.00037220405960271025
2014,6,42980614.0,7.500001050168369e-05
2014,7,168265754.0,0.00029361919578612175
2014,8,151974952.0,0.0002651921863189966
2014,9,21165262.0,3.693281050547316e-05
2014,10,4316190.0,7.531634967505632e-06
2014,11,61338901.0,0.00010703472544998394
2014,12,293873826.0,0.0005128018886880017
2014,13,83651122.0,0.00014596894843050924
2014,14,189780.0,3.3116097394535896e-07
2014,15,73749928.0,0.00012869163233681158
2014,16,234220180.0,0.00040870788769342025
2014,17,438259691.0,0.0007647513231771108
2014,18,55103873.0,9.615477000127184e-05
2014,19,842786061.0,0.0014706389123634353
2014,20,195286948.0,0.00034077044945988343
2014,21,1061344195.0,0.0018520169528267098
2014,22,769955593.0,0.0013435517128915398
2014,23,238003961.0,0.0004153104833365646
2014,24,760079616.0,0.001326318399781718
2014,25,561902904.0,0.0009805053901958348
2014,26,154936119.0,0.00027035934275136496
2014,27,52670786682.0,0.09190910009526485
2014,28,3673296213.0,0.006409802674079875
2014,29,24398046106.0,0.04257393145129483
2014,30,1473767207.0,0.0025716839690107045
2014,31,356551774.0,0.0006221732149846429
2014,32,2271761605.0,0.003964162639284814
2014,33,1920012962.0,0.0033503707581601515
2014,34,838992414.0,0.0014640191008167764
2014,35,462173106.0,0.0008064795864385691
2014,36,30063966.0,5.246080862693728e-05
2014,37,638875584.0,0.0011148206377244705
2014,38,3577803223.0,0.006243169985844264
2014,39,31835781069.0,0.05555257806471315
2014,40,8084821285.0,0.014107794767176567
2014,41,1003885497.0,0.0017517530768054628
2014,42,399183873.0,0.0006965650762248946
2014,43,19325386.0,3.372227658146278e-05
2014,44,101537342.0,0.00017717991921458007
2014,45,223560.0,3.901061615303217e-07
2014,46,1118957.0,1.9525497414004482e-06
2014,47,70217946.0,0.00012252841914744768
2014,48,3096195387.0,0.005402777320497669
2014,49,247353959.0,0.00043162597729834754
2014,50,78232761.0,0.00013651405483820474
2014,51,75259361.0,0.000131325552151256
2014,52,733492813.0,0.001279925146669834
2014,53,10310373.0,1.7991322396564087e-05
2014,54,3478607556.0,0.006070076226254847
2014,55,1941346136.0,0.0033875965705702357
2014,56,804685220.0,0.0014041539739415927
2014,57,50867672.0,8.87627136782225e-05
2014,58,510810762.0,0.0008913509824306616
2014,59,1353380493.0,0.0023616124047872804
2014,60,3931185787.0,0.006859813014980886
2014,61,989263173.0,0.0017262375163818956
2014,62,1043302243.0,0.0018205342339090399
2014,63,666310080.0,0.0011626930922247342
2014,64,483825631.0,0.0008442626577178199
2014,65,161397370.0,0.00028163405122467837
2014,66,5104071.0,8.906466031437783e-06
2014,67,45765544.0,7.98596381293033e-05
2014,68,665878998.0,0.001161940865778479
2014,69,305952173.0,0.0005338782779606858
2014,70,1349938527.0,0.0023556062670865383
2014,71,3919775877.0,0.006839903030218378
2014,72,23958185002.0,0.041806385705687704
2014,73,12658964635.0,0.022089551362980585
2014,74,4498972332.0,0.007850585199801575
2014,75,160471943.0,0.00028001920610593386
2014,76,2880245516.0,0.00502595062851888
2014,78,627921503.0,0.001095706062254788
2014,79,1052529787.0,0.0018366360489483677
2014,80,58729204.0,0.0001024808746742316
2014,81,446171835.0,0.0007785578007460639
2014,82,2180054587.0,0.003804136369928166
2014,83,1380842379.0,0.0024095326540977263
2014,84,63051129623.0,0.11002251814895013
2014,85,138234071151.0,0.24121472038569508
2014,86,520209864.0,0.0009077521615461204
2014,87,73343529722.0,0.12798247831872644
2014,88,1667862137.0,0.002910374379257602
2014,89,38339918367.0,0.0669021219696558
2014,90,35901299743.0,0.06264679833910922
2014,91,99706487.0,0.00017398512669190787
2014,92,134323645.0,0.00023439113237480583
2014,93,450852473.0,0.0007867253876296431
2014,94,2382155755.0,0.00415679744923249
2014,95,398864912.0,0.000696008497895194
2014,96,795150537.0,0.0013875162096432458
2014,97,112977245.0,0.00019714224095196246
2015,1,1129604.0,2.1444661660380685e-06
2015,2,64333564.0,0.00012213231481000839
2015,3,1278023547.0,0.0024262292413460497
2015,4,49788681.0,9.451997501439658e-05
2015,5,121374916.0,0.0002304209269511374
2015,6,31083246.0,5.900914778775405e-05
2015,7,165546863.0,0.00031427796519597963
2015,8,142620965.0,0.00027075491412052326
2015,9,22279981.0,4.229682741427174e-05
2015,10,4901451.0,9.305027101527135e-06
2015,11,59414768.0,0.00011279435956229025
2015,12,283652457.0,0.0005384923362081474
2015,13,85404102.0,0.00016213310786776972
2015,14,395616.0,7.51046496598203e-07
2015,15,94608952.0,0.0001796078064244812
2015,16,232421513.0,0.0004412343360043671
2015,17,391082383.0,0.0007424397740066798
2015,18,58047914.0,0.00011019949254967893
2015,19,847109134.0,0.0016081714271592598
2015,20,188369571.0,0.0003576051180064923
2015,21,1036844343.0,0.0019683691036960476
2015,22,758429041.0,0.0014398191027698195
2015,23,181748038.0,0.00034503464774806144
2015,24,970079140.0,0.0018416205095850464
2015,25,482738603.0,0.0009164420462161813
2015,26,160157123.0,0.00030404595904715047
2015,27,33123851933.0,0.0628830809373667
2015,28,3544784352.0,0.006729499991824727
2015,29,18239907551.0,0.03462705923029821
2015,30,1961136458.0,0.003723066473883536
2015,31,303584444.0,0.0005763316779096734
2015,32,2215068377.0,0.004205136658454961
2015,33,2927564791.0,0.005557756207647821
2015,34,854901026.0,0.0016229637338113455
2015,35,449068312.0,0.0008525215928093625
2015,36,29028723.0,5.510879415865303e-05
2015,37,680511569.0,0.0012918987851654035
2015,38,3286266838.0,0.006238724408433315
2015,39,28215708943.0,0.05356534960839485
2015,40,6842039756.0,0.01298908534621811
2015,41,918403969.0,0.0017435191786463
2015,42,287114976.0,0.0005450656617671609
2015,43,15515404.0,2.945479914236468e-05
2015,44,89969481.0,0.00017080012816925652
2015,45,196738.0,3.7349193573499873e-07
2015,46,1070416.0,2.0321023080529153e-06
2015,47,80278668.0,0.00015240286629704126
2015,48,2796487413.0,0.005308915904095441
2015,49,222736124.0,0.0004228473711782712
2015,50,69131953.0,0.00013124168664473032
2015,51,78598191.0,0.00014921261018135365
2015,52,644779856.0,0.0012240648809095026
2015,53,13366729.0,2.5375705195006272e-05
2015,54,3118682725.0,0.005920578881067972
2015,55,1642837002.0,0.003118799479378981
2015,56,699862102.0,0.0013286342812448288
2015,57,45257613.0,8.5918091502991e-05
2015,58,430581106.0,0.0008174250565262262
2015,59,1258617107.0,0.0023893876101343616
2015,60,3516018583.0,0.006674890395576337
2015,61,952565865.0,0.0018083729062709467
2015,62,988688494.0,0.0018769489344355472
2015,63,580048640.0,0.0011011776544137554
2015,64,476369862.0,0.000904351482093923
2015,65,138496384.0,0.0002629247148616826
2015,66,3755634.0,7.129781804085516e-06
2015,67,42232523.0,8.017519119968108e-05
2015,68,670657008.0,0.0012731906603308083
2015,69,419062521.0,0.0007955579103288565
2015,70,1461666129.0,0.0027748605349169576
2015,71,3272684780.0,0.006212939917721379
2015,72,20152697264.0,0.03825834313357243
2015,73,11167161362.0,0.021199995495321013
2015,74,4245777146.0,0.008060280804719771
2015,75,130564529.0,0.00024786669923725145
2015,76,2861581162.0,0.005432491371561096
2015,78,521596254.0,0.0009902103029337701
2015,79,1168850533.0,0.0022189726852720627
2015,80,47230616.0,8.96636856926288e-05
2015,81,264999589.0,0.000503081303381091
2015,82,2169024842.0,0.004117726554584675
2015,83,1367453245.0,0.002596004633076251
2015,84,62125047931.0,0.11793961720348264
2015,85,138349012858.0,0.26264494210249495
2015,86,798568529.0,0.0015160208282754754
2015,87,69023582532.0,0.13103595366040688
2015,88,1861623880.0,0.003534149511287596
2015,89,38420038723.0,0.07293748352462097
2015,90,32519987811.0,0.061736691425189616
2015,91,85593246.0,0.00016249218317956847
2015,92,127332869.0,0.0002417316417036923
2015,93,437201544.0,0.0008299934480115191
2015,94,1967234261.0,0.0037346426830866418
2015,95,388101214.0,0.0007367802543380689
2015,96,792767011.0,0.0015050070933182154
2015,97,439234825.0,0.0008338534753401652
2016,1,1666545.0,3.3639188661624047e-06
2016,2,51946715.0,0.00010485437514358243
2016,3,1431324651.0,0.0028891269045253623
2016,4,49609874.0,0.00010013746469284644
2016,5,127236090.0,0.0002568258784537697
2016,6,29241321.0,5.902356755047773e-05
2016,7,180648255.0,0.0003646382624734507
2016,8,160934135.0,0.00032484533747125183
2016,9,22145865.0,4.470139905072211e-05
2016,10,5697110.0,1.1499608958415463e-05
2016,11,51134909.0,0.00010321574581220294
2016,12,298602707.0,0.0006027291669678675
2016,13,90420466.0,0.00018251359037085483
2016,14,410675.0,8.289469413434654e-07
2016,15,82635149.0,0.00016679893836004511
2016,16,234056375.0,0.00047244248166601117
2016,17,396680775.0,0.0008006996167918801
2016,18,55956354.0,0.00011294782613266496
2016,19,931067385.0,0.00187935827839632
2016,20,231719137.0,0.00046772476987130314
2016,21,1116901126.0,0.002254463437464595
2016,22,788693868.0,0.001591977523674309
2016,23,176792514.0,0.0003568554543926993
2016,24,1072843134.0,0.0021655324392053023
2016,25,320687884.0,0.0006473080673712985
2016,26,93225608.0,0.0001881757657672975
2016,27,27492325720.0,0.05549322290378592
2016,28,3533897351.0,0.007133167103264686
2016,29,17923733330.0,0.0361790318898385
2016,30,2405216998.0,0.004854927311765781
2016,31,280765345.0,0.0005667244754927688
2016,32,2364417792.0,0.00477257416871363
2016,33,4205559461.0,0.008488916179056488
2016,34,921086254.0,0.0018592113787467225
2016,35,470898753.0,0.000950508506682418
2016,36,28250126.0,5.702284176116761e-05
2016,37,776168770.0,0.0015666956300184323
2016,38,3175466652.0,0.006409675214010043
2016,39,27648753374.0,0.05580897191535185
2016,40,6880274500.0,0.01388782492817542
2016,41,686852700.0,0.0013864112615048416
2016,42,312833467.0,0.0006314539371023849
2016,43,16747179.0,3.380415853943268e-05
2016,44,90318972.0,0.00018230872486683166
2016,45,165248.0,3.335528682367443e-07
2016,46,1638391.0,3.3070900546043993e-06
2016,47,95656490.0,0.0001930824978514684
2016,48,2824096203.0,0.005700434429990977
2016,49,187388278.0,0.00037824298993539656
2016,50,59269629.0,0.00011963566731384173
2016,51,80433684.0,0.0001623552841852726
2016,52,532467649.0,0.0010747852413779653
2016,53,13617435.0,2.7486774437678097e-05
2016,54,2855104744.0,0.005763025128761229
2016,55,1540448094.0,0.0031093924290976345
2016,56,687892525.0,0.0013885101468844787
2016,57,43246273.0,8.729254453729711e-05
2016,58,400188386.0,0.0008077797249306096
2016,59,1289342837.0,0.0026025368017879255
2016,60,3385466470.0,0.006833559567364361
2016,61,918061345.0,0.001853105603953048
2016,62,961812456.0,0.0019414171633219612
2016,63,500429228.0,0.0010101157311973499
2016,64,484934199.0,0.0009788390357676833
2016,65,135818360.0,0.00027414917903521196
2016,66,4241895.0,8.562259416205367e-06
2016,67,48217363.0,9.732668309124631e-05
2016,68,697528428.0,0.0014079602042751948
2016,69,380553183.0,0.000768146093787959
2016,70,1536702462.0,0.003101831875886949
2016,71,3726553051.0,0.00752204237750194
2016,72,18651252040.0,0.037647527438446626
2016,73,11111630249.0,0.022428810880253433
2016,74,3687126940.0,0.007442460824881211
2016,75,182176544.0,0.00036772311178747975
2016,76,2577684324.0,0.005203052379932546
2016,78,777511306.0,0.0015694055371489942
2016,79,1300839130.0,0.0026257420539195094
2016,80,45772185.0,9.239109455008765e-05
2016,81,275445967.0,0.0005559873180740076
2016,82,2136001376.0,0.004311515936788539
2016,83,1519234412.0,0.0030665726401927027
2016,84,58228652960.0,0.1175344585614954
2016,85,134286758737.0,0.2710576439227224
2016,86,540783014.0,0.0010915697945718644
2016,87,62651437860.0,0.12646184400028535
2016,88,1896456482.0,0.0038279948868202075
2016,89,33143837020.0,0.06690079094689308
2016,90,27643870504.0,0.05579911584875057
2016,91,78540452.0,0.00015853379791108118
2016,92,114155632.0,0.00023042299137646612
2016,93,550880458.0,0.0011119514718572773
2016,94,1929565250.0,0.003894824890996869
2016,95,384057783.0,0.0007752201242271927
2016,96,805651348.0,0.0016262061745025624
2016,97,291273909.0,0.0005879359979514333
2017,1,2138537.0,3.7280944316917173e-06
2017,2,9959593.0,1.7362478743746687e-05
2017,3,1461557667.0,0.0025479217801417683
2017,4,47731079.0,8.320920790172789e-05
2017,5,77689999.0,0.00013543635329668605
2017,6,25446230.0,4.43602090450372e-05
2017,7,180025625.0,0.0003138372308378678
2017,8,172985677.0,0.00030156454584892475
2017,9,23788489.0,4.147028243105435e-05
2017,10,15576838.0,2.7154976982471636e-05
2017,11,45951529.0,8.010693263320693e-05
2017,12,415158437.0,0.0007237423796032224
2017,13,93557435.0,0.00016309792744612778
2017,14,539142.0,9.398819324103983e-07
2017,15,98709391.0,0.00017207929109610005
2017,16,237101473.0,0.0004133370997262166
2017,17,381382489.0,0.0006648610398537072
2017,18,65231678.0,0.00011371786203451569
2017,19,959801879.0,0.0016732149318095255
2017,20,229728428.0,0.00040048372940383614
2017,21,1258062452.0,0.002193170200946548
2017,22,795591449.0,0.0013869482038040234
2017,23,190636412.0,0.0003323349308685742
2017,24,1259473326.0,0.0021956297662957653
2017,25,282706170.0,0.000492839402910444
2017,26,192806246.0,0.00033611758510981263
2017,27,36401258319.0,0.06345802221127607
2017,28,4367164033.0,0.007613242096681817
2017,29,22691690625.0,0.03955824260451591
2017,30,2894535134.0,0.00504601992642701
2017,31,337100450.0,0.0005876645157721247
2017,32,2310153800.0,0.004027272625225311
2017,33,4966855799.0,0.008658679951418944
2017,34,1046365029.0,0.0018241197782090477
2017,35,516923448.0,0.000901148508583056
2017,36,27598026.0,4.811141778528182e-05
2017,37,858865905.0,0.0014972540563948005
2017,38,3601621787.0,0.006278678427903877
2017,39,31481382713.0,0.0548812424542064
2017,40,7768215479.0,0.013542267854819115
2017,41,596968104.0,0.0010406897165772498
2017,42,247393384.0,0.0004312789057789371
2017,43,17115127.0,2.9836663881147047e-05
2017,44,87581749.0,0.00015268056188166097
2017,45,279371.0,4.870252277496937e-07
2017,46,1718101.0,2.9951517187609898e-06
2017,47,122345051.0,0.00021328314795495198
2017,48,2905265413.0,0.0050647259359047035
2017,49,220951307.0,0.00038518264463121616
2017,50,49532711.0,8.634997854406778e-05
2017,51,75333208.0,0.00013132777841406247
2017,52,517308737.0,0.0009018201798122619
2017,53,9818415.0,1.711636426657029e-05
2017,54,2836555373.0,0.004944944273242185
2017,55,1712480974.0,0.0029853543724272288
2017,56,707490846.0,0.001233363127897933
2017,57,32262548.0,5.6243041645286825e-05
2017,58,358196431.0,0.0006244409705620929
2017,59,1309675934.0,0.0022831475709169627
2017,60,3252919382.0,0.005670788316861603
2017,61,872017220.0,0.0015201806385492938
2017,62,972467885.0,0.0016952954786695396
2017,63,560973782.0,0.000977941103193091
2017,64,484480869.0,0.0008445916203367368
2017,65,143644803.0,0.0002504148350978981
2017,66,3758681.0,6.552478496563518e-06
2017,67,55368232.0,9.652299558614846e-05
2017,68,757350140.0,0.0013202824359713871
2017,69,408858168.0,0.000712759171093358
2017,70,1644715761.0,0.0028672198191098423
2017,71,4163942191.0,0.007258967086448964
2017,72,22330318765.0,0.038928265933999534
2017,73,13079995439.0,0.022802251334762484
2017,74,4428247985.0,0.007719729261185832
2017,75,150939477.0,0.0002631315818833904
2017,76,3023657049.0,0.005271117127139867
2017,78,848362672.0,0.0014789438543912528
2017,79,1653856178.0,0.002883154234890837
2017,80,44827909.0,7.814813488253091e-05
2017,81,317313740.0,0.0005531705026348729
2017,82,2266107483.0,0.003950487033419217
2017,83,1589380882.0,0.002770754967541581
2017,84,69309971807.0,0.12082751897880963
2017,85,163060810755.0,0.2842626059791588
2017,86,296536453.0,0.0005169496245437477
2017,87,61918872991.0,0.10794267558352919
2017,88,2591375573.0,0.004517524290729239
2017,89,40989031892.0,0.07145585115291407
2017,90,29006989902.0,0.050567653275947096
2017,91,73573222.0,0.0001282596089101187
2017,92,120506827.0,0.00021007858677195534
2017,93,618651521.0,0.0010784902438432029
2017,94,1746175280.0,0.003044093386331742
2017,95,431073427.0,0.0007514868542601629
2017,96,710259699.0,0.0012381900471663267
2017,97,98693894.0,0.00017205227530006382
2018,1,3187972.0,5.271053950867061e-06
2018,2,38226224.0,6.320397075066195e-05
2018,3,1481656926.0,0.002449799933506896
2018,4,54341956.0,8.985003063754764e-05
2018,5,87458534.0,0.0001446056148478535
2018,6,20744436.0,3.4299247714945085e-05
2018,7,197419695.0,0.00032641750407742614
2018,8,195747222.0,0.0003236522051932551
2018,9,25483750.0,4.213532023506119e-05
2018,10,45145573.0,7.464455488498875e-05
2018,11,39280465.0,6.494707300758769e-05
2018,12,404362756.0,0.0006685811238609666
2018,13,101315955.0,0.0001675177400832314
2018,14,141208.0,2.334760111738861e-07
2018,15,85616643.0,0.0001415601969983189
2018,16,243616038.0,0.00040279942220147486
2018,17,335147918.0,0.0005541399853257087
2018,18,62988805.0,0.00010414689635155043
2018,19,1066666184.0,0.001763646294079588
2018,20,262745334.0,0.00043442816651231115
2018,21,1351754842.0,0.0022350173403429454
2018,22,898611885.0,0.0014857820980627645
2018,23,188172814.0,0.0003111285339646875
2018,24,974681677.0,0.0016115573488062578
2018,25,429667790.0,0.0007104209516394181
2018,26,359702675.0,0.000594739290745402
2018,27,47989268394.0,0.07934637530298683
2018,28,5500930363.0,0.009095343598794384
2018,29,25339254470.0,0.04189640855883281
2018,30,3479021240.0,0.005752280337547639
2018,31,366654867.0,0.0006062341781248352
2018,32,2389630738.0,0.0039510612209418
2018,33,6251086317.0,0.01033566581777816
2018,34,1128220960.0,0.001865422139422501
2018,35,610559191.0,0.0010095102579190617
2018,36,24194925.0,4.000435230051652e-05
2018,37,957498787.0,0.0015831468294473005
2018,38,4715640498.0,0.00779693029858845
2018,39,34914801198.0,0.057728800879824516
2018,40,7932506344.0,0.013115757887716463
2018,41,555328560.0,0.0009181908750193904
2018,42,299660276.0,0.0004954640384946023
2018,43,24153430.0,3.993574367293408e-05
2018,44,88799040.0,0.00014682203313743102
2018,45,352481.0,5.827988350134734e-07
2018,46,1224808.0,2.0251210008913453e-06
2018,47,159101323.0,0.00026306117405903393
2018,48,3296178253.0,0.005449964241604926
2018,49,248991284.0,0.0004116869568677713
2018,50,44380970.0,7.338034564350394e-05
2018,51,69530410.0,0.0001149629113229058
2018,52,453084688.0,0.0007491388991997953
2018,53,13072968.0,2.1615095623787997e-05
2018,54,2942098970.0,0.004864522774873936
2018,55,1985745921.0,0.003283270330575426
2018,56,761138549.0,0.0012584810518610804
2018,57,34780512.0,5.750676454836468e-05
2018,58,342074007.0,0.0005655917135050988
2018,59,1322623909.0,0.0021868516978962448
2018,60,3118668249.0,0.00515646580187502
2018,61,868997026.0,0.0014368163231010269
2018,62,1038016295.0,0.001716276018993937
2018,63,571310913.0,0.0009446164035136187
2018,64,507967887.0,0.0008398838313777358
2018,65,149797290.0,0.000247677707735099
2018,66,3257194.0,5.385506931190264e-06
2018,67,54653684.0,9.036544768198714e-05
2018,68,871032750.0,0.0014401822281444447
2018,69,396553709.0,0.0006556694960167269
2018,70,1795103187.0,0.0029680579835865573
2018,71,2598038981.0,0.004295647400700723
2018,72,24746009049.0,0.04091552521977091
2018,73,10488476378.0,0.017341847685874514
2018,74,4903888414.0,0.008108183007638057
2018,75,142282923.0,0.0002352533094456488
2018,76,3654026177.0,0.006041636851530539
2018,78,877779020.0,0.0014513366401459039
2018,79,1879191936.0,0.00310709193138783
2018,80,49237834.0,8.141077758456992e-05
2018,81,366602385.0,0.000606147403381064
2018,82,2489482371.0,0.0041161578229901175
2018,83,1668207463.0,0.002758246163615009
2018,84,77651369348.0,0.12839026101609827
2018,85,184588192112.0,0.3052016514936034
2018,86,306971029.0,0.000507551777497474
2018,87,61171471704.0,0.10114208268006177
2018,88,2616814593.0,0.00432669135711331
2018,89,20333905278.0,0.033620468357990124
2018,90,27846384210.0,0.046041744879654734
2018,91,87656943.0,0.000144933668087762
2018,92,119880017.0,0.00019821191567487433
2018,93,698760757.0,0.0011553444161039397
2018,94,1785035414.0,0.0029514117349218627
2018,95,434886285.0,0.0007190493112007097
2018,96,615176498.0,0.0010171446017290815
2018,97,116758189.0,0.00019305022548019027
2019,1,6253344.0,1.1533879771179094e-05
2019,2,55336169.0,0.00010206390696620043
2019,3,1515640130.0,0.0027954980624437507
2019,4,57217810.0,0.00010553446944709406
2019,5,95839123.0,0.00017676892908134352
2019,6,19397321.0,3.5777076760364923e-05
2019,7,230011310.0,0.000424240661564661
2019,8,209783278.0,0.00038693139326028444
2019,9,25705396.0,4.741190424428082e-05
2019,10,27026946.0,4.984941588790729e-05
2019,11,44303167.0,8.171426386593625e-05
2019,12,425536163.0,0.0007848733321453082
2019,13,103262424.0,0.00019046071722529875
2019,14,225843.0,4.1655248922215063e-07
2019,15,82807164.0,0.00015273234189072435
2019,16,255560282.0,0.00047136405207783623
2019,17,321528131.0,0.0005930373902356758
2019,18,55499318.0,0.00010236482451540101
2019,19,1136519775.0,0.0020962356208802067
2019,20,407992801.0,0.0007525157602461336
2019,21,1330369182.0,0.002453778042031572
2019,22,921369921.0,0.0016994059328248661
2019,23,205140286.0,0.0003783677013369637
2019,24,976219250.0,0.0018005718955826878
2019,25,451291617.0,0.0008323775650626294
2019,26,370850620.0,0.0006840094618410926
2019,27,42179134817.0,0.07779662686582285
2019,28,5149596570.0,0.009498090574971767
2019,29,20985747732.0,0.038706824900274536
2019,30,3922550669.0,0.007234885496880409
2019,31,349746279.0,0.0006450838994949357
2019,32,2352440697.0,0.004338921410372874
2019,33,6499707850.0,0.011988281612156466
2019,34,1155163428.0,0.0021306226068188634
2019,35,701163346.0,0.0012932494570459657
2019,36,24589356.0,4.5353442215032677e-05
2019,37,1000918779.0,0.0018461285446157093
2019,38,4335265106.0,0.007996110002710869
2019,39,32594241563.0,0.06011792465285942
2019,40,7285271576.0,0.013437201992721404
2019,41,509524631.0,0.0009397845112004701
2019,42,349089021.0,0.0006438716305472102
2019,43,20685887.0,3.815375159565771e-05
2019,44,87396539.0,0.00016119714080069236
2019,45,495665.0,9.142213377005144e-07
2019,46,921440.0,1.6995351889093682e-06
2019,47,90432061.0,0.00016679596053470493
2019,48,2972736667.0,0.005483016336308008
2019,49,214731552.0,0.0003960581576587969
2019,50,37891104.0,6.988763738781095e-05
2019,51,83120340.0,0.0001533099743272605
2019,52,400432908.0,0.0007385720371845239
2019,53,16218056.0,2.991313256175412e-05
2019,54,2826286008.0,0.0052128977736132405
2019,55,1717055280.0,0.0031669949965951426
2019,56,763951470.0,0.0014090580025655926
2019,57,23560338.0,4.3455486514150204e-05
2019,58,306473352.0,0.0005652698452281291
2019,59,1282211354.0,0.0023649541106769045
2019,60,2713721453.0,0.0050052798904668344
2019,61,795361727.0,0.0014669921459326992
2019,62,946541479.0,0.0017458332081555152
2019,63,566097055.0,0.0010441286088193067
2019,64,484892546.0,0.000894352258168578
2019,65,138921171.0,0.0002562309196464183
2019,66,2709163.0,4.9968721251424624e-06
2019,67,45982626.0,8.481191500852885e-05
2019,68,843573761.0,0.001555916056672297
2019,69,375676235.0,0.0006929099898197226
2019,70,1778232453.0,0.0032798322494509945
2019,71,3021457373.0,0.005572878458937271
2019,72,23097606564.0,0.04260200895891431
2019,73,9179350145.0,0.016930704747729435
2019,74,4643144261.0,0.008563972758673473
2019,75,186008824.0,0.0003430809839334622
2019,76,3522409938.0,0.006496852360864588
2019,78,775139433.0,0.0014296934609901411
2019,79,1533904835.0,0.0028291861038382514
2019,80,42846999.0,7.90284582172084e-05
2019,81,272203968.0,0.0005020622310478812
2019,82,2314625855.0,0.004269174433204476
2019,83,1593437833.0,0.0029389907845578543
2019,84,70903773896.0,0.1307773254500841
2019,85,153629451349.0,0.2833593707897045
2019,86,475430813.0,0.0008769007169053759
2019,87,62862613152.0,0.11594593583805875
2019,88,2415295261.0,0.004454852500081977
2019,89,18887689391.0,0.03483709493531283
2019,90,20996917226.0,0.03872742629384906
2019,91,77501327.0,0.00014294607616738118
2019,92,121523584.0,0.0002241422201015622
2019,93,547450930.0,0.0010097370634400062
2019,94,1713625329.0,0.003160668678635498
2019,95,425679268.0,0.000785137279861067
2019,96,581327111.0,0.001072219440670605
2019,97,90206543.0,0.00016638000748650595
2020,1,4594187.0,8.980815202707239e-06
2020,2,62774079.0,0.00012271211490066583
2020,3,1306228655.0,0.002553443767751689
2020,4,65557366.0,0.00012815294397512393
2020,5,76530009.0,0.00014960250165927546
2020,6,18236158.0,3.564843246593385e-05
2020,7,204969947.0,0.0004006796449765099
2020,8,205322964.0,0.00040136973017339326
2020,9,30051699.0,5.874570522409774e-05
2020,10,28331569.0,5.538315823708289e-05
2020,11,48052492.0,9.393404114407358e-05
2020,12,379970267.0,0.000742774020833355
2020,13,108404217.0,0.00021191088653360748
2020,14,236470.0,4.622566236385634e-07
2020,15,106481895.0,0.00020815309029194413
2020,16,282395640.0,0.000552033048913821
2020,17,331074801.0,0.0006471921160488403
2020,18,58325168.0,0.00011401528833607638
2020,19,1410258354.0,0.002756803252751376
2020,20,779979872.0,0.0015247213690394506
2020,21,1245445253.0,0.002434623070911559
2020,22,878970650.0,0.0017182306632824182
2020,23,230143522.0,0.00044988948886542663
2020,24,1042560884.0,0.0020380203585041484
2020,25,330372391.0,0.0006458190299279372
2020,26,503587717.0,0.0009844240612605082
2020,27,25443847248.0,0.04973817787134027
2020,28,5277721248.0,0.010317002599086503
2020,29,15386293585.0,0.030077456433855405
2020,30,6903416415.0,0.013494946350779954
2020,31,308653452.0,0.0006033623825259331
2020,32,2479268266.0,0.0048465267380022655
2020,33,7474090551.0,0.01461051238158815
2020,34,1309530705.0,0.002559898685855828
2020,35,802330129.0,0.0015684121303972303
2020,36,26848872.0,5.248475036674404e-05
2020,37,1028668869.0,0.0020108639498711872
2020,38,6625029975.0,0.012950750571944754
2020,39,31537887351.0,0.061650938062192316
2020,40,6470425575.0,0.012648526577595933
2020,41,277083518.0,0.0005416487989875041
2020,42,350007982.0,0.0006842031040126319
2020,43,10134964.0,1.981204482318429e-05
2020,44,77491381.0,0.00015148181224742895
2020,45,489610.0,9.57100120521322e-07
2020,46,938382.0,1.8343692434693722e-06
2020,47,128322040.0,0.00025084667378023716
2020,48,2506495151.0,0.004899750436282367
2020,49,345960114.0,0.0006762902448989406
2020,50,17308604.0,3.383523002891247e-05
2020,51,48854554.0,9.550192913015551e-05
2020,52,373629118.0,0.0007303782068750133
2020,53,12705400.0,2.483678820136763e-05
2020,54,1982798500.0,0.0038760169998968497
2020,55,1392100828.0,0.002721308531804155
2020,56,701381464.0,0.0013710755166884282
2020,57,25413237.0,4.967834030256106e-05
2020,58,231294362.0,0.00045213917556034865
2020,59,1083056120.0,0.0021171813136646625
2020,60,2088514141.0,0.004082672200448491
2020,61,765825896.0,0.0014970528734297695
2020,62,945374637.0,0.0018480386001317399
2020,63,1137763902.0,0.0022241252583260346
2020,64,408665977.0,0.0007988690097009126
2020,65,135727087.0,0.000265322218348702
2020,66,2436190.0,4.762316420442474e-06
2020,67,31606324.0,6.178471949027993e-05
2020,68,827969132.0,0.0016185318029148393
2020,69,366506277.0,0.0007164543246431262
2020,70,1979212602.0,0.0038690072096393443
2020,71,4930075181.0,0.009637416617132572
2020,72,19743615464.0,0.03859524262192569
2020,73,7924032541.0,0.015490068626061514
2020,74,4826518348.0,0.009434981500723376
2020,75,145805621.0,0.00028502395259857074
2020,76,3618514879.0,0.007073550431566138
2020,78,669201816.0,0.0013081700511564053
2020,79,1477857071.0,0.0028889466734081984
2020,80,48604619.0,9.501335083595707e-05
2020,81,232849150.0,0.000455178508462424
2020,82,2177809306.0,0.004257228302618527
2020,83,1356231900.0,0.0026511911826655127
2020,84,67867220096.0,0.13266829626300258
2020,85,159632110977.0,0.3120522715123461
2020,86,754106934.0,0.001474144395370529
2020,87,54141767638.0,0.1058374876566394
2020,88,1574714112.0,0.003078284892836802
2020,89,18725909270.0,0.03660580874407864
2020,90,20045536909.0,0.03918544513289866
2020,91,78332115.0,0.00015312529708786597
2020,92,122742025.0,0.0002399387408764754
2020,94,1419373392.0,0.0027746215243723733
2020,95,372225130.0,0.0007276336610446371
2020,96,524940003.0,0.0010261639675206045
2020,97,77646427.0,0.0001517848994909214
2021,1,8448494.0,1.3131513714022696e-05
2021,2,52080699.0,8.094915060061451e-05
2021,3,1678779294.0,0.0026093305294385416
2021,4,61409815.0,9.544941712074326e-05
2021,5,65148125.0,0.00010125988097764701
2021,6,18126685.0,2.8174348311932223e-05
2021,7,194177864.0,0.000301811101963928
2021,8,223888919.0,0.0003479910632908323
2021,9,43626818.0,6.780926386006455e-05
2021,10,23523621.0,3.65628183869187e-05
2021,11,50491165.0,7.847853423752006e-05
2021,12,408383369.0,0.0006347512125359019
2021,13,126617037.0,0.00019680115270182108
2021,14,419740.0,6.52402850297803e-07
2021,15,139451290.0,0.000216749461747047
2021,16,340469050.0,0.0005291918298427245
2021,17,341318957.0,0.0005305128422534742
2021,18,63188467.0,9.821398002751386e-05
2021,19,1652796611.0,0.002568945585312215
2021,20,913433047.0,0.0014197510921499191
2021,21,1464863327.0,0.0022768404484479025
2021,22,995863318.0,0.001547872652523532
2021,23,285136037.0,0.00044318760008914997
2021,24,926650066.0,0.0014402943352719475
2021,25,477991756.0,0.0007429436890295229
2021,26,1445405110.0,0.0022465964968766605
2021,27,40012148135.0,0.06219097415021661
2021,28,7775232178.0,0.012085061310941047
2021,29,23506185193.0,0.03653571787187595
2021,30,8438420883.0,0.013115857045031933
2021,31,461889427.0,0.0007179158019183756
2021,32,3216024575.0,0.004998674415966504
2021,33,9048313356.0,0.014063814322776194
2021,34,1621067971.0,0.0025196296869654457
2021,35,926563755.0,0.0014401601818855368
2021,36,36661220.0,5.698261881973322e-05
2021,37,1249189635.0,0.0019416183314348696
2021,38,7269052541.0,0.011298305133446627
2021,39,43194085435.0,0.06713666663601471
2021,40,8232599828.0,0.012795948904437039
2021,41,358187862.0,0.000556732220209835
2021,42,412999192.0,0.0006419255968730395
2021,43,9905992.0,1.5396906217723434e-05
2021,44,73779666.0,0.00011467590506604065
2021,45,866229.0,1.3463817330028484e-06
2021,46,1208181.0,1.8778785154515888e-06
2021,47,136950516.0,0.00021286250294981387
2021,48,2681144399.0,0.00416730892449514
2021,49,428379379.0,0.0006658310570076781
2021,50,20556868.0,3.195158735501905e-05
2021,51,52658193.0,8.184675085703488e-05
2021,52,445481942.0,0.0006924136101324643
2021,53,13655232.0,2.122435859884159e-05
2021,54,2547964502.0,0.003960307103355463
2021,55,1611217754.0,0.0025043194719588896
2021,56,727104178.0,0.0011301397012213302
2021,57,29495487.0,4.584490348721064e-05
2021,58,263255035.0,0.00040917790820328747
2021,59,1287309114.0,0.0020008675255823592
2021,60,2424123289.0,0.0037678204203003877
2021,61,910896513.0,0.0014158085515021913
2021,62,1051634710.0,0.0016345582557681028
2021,63,835951167.0,0.0012993208273230446
2021,64,437626577.0,0.0006802039981914303
2021,65,180876180.0,0.000281136263837086
2021,66,2695322.0,4.189345202435734e-06
2021,67,33141929.0,5.151257669978419e-05
2021,68,1068002226.0,0.0016599983236451096
2021,69,472221406.0,0.0007339748207129081
2021,70,2196169868.0,0.0034135118921745596
2021,71,5283477094.0,0.008212120635652435
2021,72,27930508045.0,0.04341245308720569
2021,73,9797999319.0,0.015229052944516921
2021,74,7792547667.0,0.01211197481543883
2021,75,194100609.0,0.00030169102433920853
2021,76,4817584428.0,0.007487982590121291
2021,78,721582465.0,0.0011215572899673956
2021,79,1693581119.0,0.0026323370401823572
2021,80,73493008.0,0.00011423035187534959
2021,81,282857009.0,0.00043964530161126245
2021,82,2112253227.0,0.0032830800634810415
2021,83,1520257899.0,0.0023629403594971877
2021,84,75984350980.0,0.11810265201644032
2021,85,200777707497.0,0.31206925393648777
2021,86,1354907771.0,0.002105936274100736
2021,87,67013035758.0,0.10415851607096725
2021,88,1077482374.0,0.001674733339551254
2021,89,22015656248.0,0.03421898529416266
2021,90,22273774084.0,0.034620178442109246
2021,91,137732908.0,0.00021407857664031322
2021,92,169458520.0,0.00026338976855969705
2021,94,1425012038.0,0.0022148994980223024
2021,95,487625244.0,0.0007579170416514071
2021,96,563982797.0,0.0008765997624284728
2021,97,169934825.0,0.00026413009051998464
2022,1,8429806.0,1.2355700123964055e-05
2022,2,84965415.0,0.00012453515402942338
2022,3,2037786775.0,0.002986816340551587
2022,4,66454698.0,9.740370304092335e-05
2022,5,59207744.0,8.678172782154561e-05
2022,6,14132738.0,2.0714577851323213e-05
2022,7,166360114.0,0.00024383665308222685
2022,8,214317459.0,0.0003141284929610434
2022,9,41711368.0,6.113701249688431e-05
2022,10,21074322.0,3.0888967426754354e-05
2022,11,53293145.0,7.811260642094662e-05
2022,12,429832861.0,0.0006300128299443101
2022,13,131601829.0,0.00019289088442713825
2022,14,484798.0,7.105761044438658e-07
2022,15,158384321.0,0.00023214640700078542
2022,16,347867981.0,0.0005098756075720872
2022,17,363587485.0,0.000532915933472998
2022,18,67654167.0,9.91617837455079e-05
2022,19,1728360913.0,0.002533285955454815
2022,20,804959258.0,0.0011798415294321856
2022,21,1486805760.0,0.002179234743141476
2022,22,1067765368.0,0.0015650406058884542
2022,23,338960826.0,0.0004968202494609198
2022,24,979071521.0,0.0014350406300440812
2022,25,500156563.0,0.0007330873934062701
2022,26,1792951157.0,0.002627956898747895
2022,27,64751328658.0,0.0949070476267767
2022,28,15643201056.0,0.022928487467779667
2022,29,24723693240.0,0.036237908633996715
2022,30,6632070544.0,0.009720730802421688
2022,31,589482483.0,0.0008640138086544032
2022,32,2622441666.0,0.0038437542711759567
2022,33,7803551455.0,0.011437788921821379
2022,34,1667600725.0,0.002444228785882504
2022,35,898368703.0,0.0013167532319275828
2022,36,56548395.0,8.288387788656921e-05
2022,37,1120846070.0,0.0016428418312406745
2022,38,8907668403.0,0.013056110614073184
2022,39,41158081145.0,0.060326051193277656
2022,40,7570231883.0,0.011095808730974325
2022,41,387601315.0,0.0005681133843168076
2022,42,326999918.0,0.0004792889572273474
2022,43,8356473.0,1.224821478477705e-05
2022,44,69367397.0,0.00010167289208220971
2022,45,475967.0,6.976323679219663e-07
2022,46,1367508.0,2.0043781274589044e-06
2022,47,110321191.0,0.00016169951637256684
2022,48,2958988765.0,0.0043370366827562516
2022,49,375083381.0,0.0005497656502555998
2022,50,27990217.0,4.102570422814959e-05
2022,51,54502317.0,7.988490896625952e-05
2022,52,376626045.0,0.0005520267573055171
2022,53,9888321.0,1.4493468652243762e-05
2022,54,2507684969.0,0.0036755535634314836
2022,55,1491323276.0,0.0021858561378688525
2022,56,729717530.0,0.0010695585373945431
2022,57,34226317.0,5.016605473479853e-05
2022,58,240830119.0,0.00035298851850001987
2022,59,1260913007.0,0.001848140158492116
2022,60,2253439372.0,0.0033029017664185727
2022,61,915508732.0,0.0013418756438122747
2022,62,1046848860.0,0.001534382948940181
2022,63,795653357.0,0.0011662017229954423
2022,64,449007579.0,0.0006581175177116888
2022,65,175897509.0,0.0002578157639400324
2022,66,2687086.0,3.938504495038448e-06
2022,67,33448926.0,4.9026620437607284e-05
2022,68,1075700195.0,0.0015766708074550777
2022,69,452271503.0,0.0006629015027964475
2022,70,2064940100.0,0.0030266153989247616
2022,71,4903502203.0,0.007187140816463051
2022,72,28108455687.0,0.04119900854376768
2022,73,11787099162.0,0.017276537867787232
2022,74,7003732476.0,0.010265481580705924
2022,75,298474260.0,0.0004374784486478194
2022,76,5620359360.0,0.008237849701532223
2022,78,805400432.0,0.0011804881651491274
2022,79,2105783037.0,0.0030864795383550117
2022,80,74489696.0,0.00010918072682826211
2022,81,318379186.0,0.0004666534138422373
2022,82,2002079826.0,0.0029344801000514287
2022,83,1546899253.0,0.0022673147272964534
2022,84,73033188782.0,0.10704590113784916
2022,85,210434593813.0,0.3084373159787556
2022,86,1258817960.0,0.0018450694149331763
2022,87,75619404400.0,0.11083655831690173
2022,88,1668197034.0,0.0024451028054252102
2022,89,17137706741.0,0.025119008112907147
2022,90,18208567328.0,0.026688585430290738
2022,91,95783367.0,0.00014039119755728598
2022,92,149150307.0,0.0002186119664781345
2022,94,1390459111.0,0.002038017934238303
2022,95,551505088.0,0.0008083497395038993
2022,96,512479555.0,0.0007511493978915463
2022,97,277020177.0,0.00040603285951058
2023,1,9480988.0,1.5006211640544382e-05
2023,2,73877135.0,0.00011693042151377776
2023,3,1735581382.0,0.00274702399556676
2023,4,78713075.0,0.00012458459628132037
2023,5,53636403.0,8.489402318150065e-05
2023,6,10873893.0,1.7210858163161273e-05
2023,7,148193031.0,0.00023455530023239714
2023,8,229966059.0,0.0003639830945357083
2023,9,41722169.0,6.603654578157465e-05
2023,10,37549665.0,5.943243679050558e-05
2023,11,49605650.0,7.85142732452325e-05
2023,12,526548152.0,0.000833403966743712
2023,13,106246541.0,0.00016816370617933236
2023,14,625519.0,9.900519333197849e-07
2023,15,167923217.0,0.000265783622304243
2023,16,356844531.0,0.0005648023766042948
2023,17,349265471.0,0.0005528064771899739
2023,18,61801377.0,9.781728897231721e-05
2023,19,1995770889.0,0.003158843819480777
2023,20,879109768.0,0.0013914274792751421
2023,21,1638902553.0,0.002594003765066099
2023,22,1097163194.0,0.0017365556304237125
2023,23,342918017.0,0.0005427599252797068
2023,24,1052594191.0,0.0016660132047159638
2023,25,303787927.0,0.00048082604116830933
2023,26,1762313670.0,0.002789335025953465
2023,27,54042174737.0,0.08553626601138013
2023,28,16353624972.0,0.025884006753296565
2023,29,20808670097.0,0.032935313011033154
2023,30,6203424508.0,0.009818586529503877
2023,31,439082721.0,0.0006949664147905368
2023,32,2673169004.0,0.004231008395429593
2023,33,8246695766.0,0.013052612449227577
2023,34,1583696109.0,0.0025066247300345327
2023,35,936555106.0,0.0014823501657916325
2023,36,48443751.0,7.667525580328058e-05
2023,37,1016047888.0,0.001608168857956168
2023,38,6677146417.0,0.010568378769006417
2023,39,35040436770.0,0.055460908731002866
2023,40,7075899703.0,0.011199513013884537
2023,41,293166932.0,0.0004640154620595536
2023,42,411446691.0,0.0006512249697972055
2023,43,7769642.0,1.2297546650545547e-05
2023,44,62548807.0,9.900029782819722e-05
2023,45,508432.0,8.047302872680844e-07
2023,46,1313073.0,2.0782909267984026e-06
2023,47,120208363.0,0.00019026204190337385
2023,48,2775672940.0,0.004393248423325929
2023,49,462201639.0,0.0007315583160152182
2023,50,24210255.0,3.831923533723994e-05
2023,51,54302504.0,8.594830703672527e-05
2023,52,325290079.0,0.0005148589756725144
2023,53,7931179.0,1.2553222368073997e-05
2023,54,2107282963.0,0.003335341646808482
2023,55,1403839768.0,0.002221953731828447
2023,56,742204350.0,0.0011747378602981753
2023,57,35064162.0,5.549846028392125e-05
2023,58,204675569.0,0.00032395409698470715
2023,59,1090489056.0,0.001725992013283157
2023,60,1788741351.0,0.0028311639338958433
2023,61,901822576.0,0.0014273766022778343
2023,62,1036383049.0,0.0016403547155598845
2023,63,640285002.0,0.0010134231000269575
2023,64,416405957.0,0.0006590743411051067
2023,65,116093327.0,0.00018374889146752696
2023,66,2436159.0,3.855876364785712e-06
2023,67,25355661.0,4.013214817399803e-05
2023,68,981630434.0,0.0015536939868928674
2023,69,408782548.0,0.0006470082474789539
2023,70,1895869708.0,0.0030007233508939236
2023,71,4774799822.0,0.007557404003693037
2023,72,25725964625.0,0.04071825318415211
2023,73,10878993296.0,0.0172189307523477
2023,74,5680793238.0,0.008991382081234721
2023,75,296500368.0,0.00046929152043091846
2023,76,4518034990.0,0.007151004648389474
2023,78,829066517.0,0.001312220584836832
2023,79,1762910566.0,0.0027902797742965064
2023,80,73850837.0,0.00011688879786087123
2023,81,305812100.0,0.00048402983896185953
2023,82,2020189090.0,0.003197492185251027
2023,83,1540242967.0,0.002437848454260465
2023,84,72756922843.0,0.11515738470471812
2023,85,171301417555.0,0.27113053261491254
2023,86,869951013.0,0.0013769312879611257
2023,87,91830144315.0,0.14534588384381705
2023,88,2462464522.0,0.003897511923278877
2023,89,20306579563.0,0.032140619798055985
2023,90,16901028526.0,0.02675041999884757
2023,91,181477862.0,0.00028723749099202604
2023,92,113100789.0,0.00017901239580163521
2023,93,1330651301.0,0.002106113312512549
2023,94,1363987137.0,0.00215887623239289
2023,95,544211460.0,0.0008613608988820208
2023,96,461855688.0,0.0007310107555791901
2023,97,373265433.0,0.0005907928673359189
2024,1,7297678.0,1.0682754165171426e-05
2024,2,77936783.0,0.00011408827482019782
2024,3,1607982458.0,0.0023538557470913473
2024,4,76711907.0,0.00011229523199331254
2024,5,74086260.0,0.00010845166128143407
2024,6,7899432.0,1.1563635734611537e-05
2024,7,122115672.0,0.00017875983342793527
2024,8,222297342.0,0.0003254114330828295
2024,9,52004822.0,7.61276023454993e-05
2024,10,66394719.0,9.719234816096797e-05
2024,11,51600682.0,7.553599933584165e-05
2024,12,638390270.0,0.0009345118153811954
2024,13,98013337.0,0.00014347747106396044
2024,14,479086.0,7.013132070194543e-07
2024,15,221797265.0,0.00032467939206174627
2024,16,330407741.0,0.0004836695550793871
2024,17,356107760.0,0.0005212906977246553
2024,18,78319435.0,0.00011464842247905741
2024,19,2425465942.0,0.0035505343472789475
2024,20,971047101.0,0.0014214737157196287
2024,21,1728476932.0,0.002530242379113703
2024,22,1158855634.0,0.0016963984778371798
2024,23,344968298.0,0.0005049841226636196
2024,24,1156793188.0,0.0016933793526309234
2024,25,322009742.0,0.0004713760887471709
2024,26,940242339.0,0.0013763799613003991
2024,27,52616721372.0,0.07702333528478475
2024,28,9551632954.0,0.013982221019279303
2024,29,21861374722.0,0.03200191785220159
2024,30,7950099548.0,0.011637805759575097
2024,31,413149064.0,0.0006047909875281803
2024,32,2725690838.0,0.003990020545249337
2024,33,9865739077.0,0.014442027343124244
2024,34,1871413768.0,0.002739481411054469
2024,35,994864586.0,0.0014563390985287438
2024,36,57482522.0,8.41461696885034e-05
2024,37,1107640679.0,0.001621427127519268
2024,38,7008956350.0,0.010260107069874447
2024,39,36232572080.0,0.053039290073156685
2024,40,7802463900.0,0.011421688340637212
2024,41,306397315.0,0.00044852173431241985
2024,42,395821860.0,0.0005794264454503064
2024,43,8785948.0,1.2861368039529773e-05
2024,44,68190528.0,9.982115503277052e-05
2024,45,478340.0,7.002211699897008e-07
2024,46,1678951.0,2.457743516275825e-06
2024,47,128294560.0,0.0001878048394583641
2024,48,2759354311.0,0.0040392990426569905
2024,49,402166678.0,0.0005887143492077419
2024,50,17792081.0,2.6045055346346794e-05
2024,51,51880922.0,7.594623051173728e-05
2024,52,303022717.0,0.0004435818067299369
2024,53,7250011.0,1.0612976512226033e-05
2024,54,1987042419.0,0.0029087451759237056
2024,55,1287056559.0,0.0018840662490820304
2024,56,767487834.0,0.0011234921375514097
2024,57,70798812.0,0.00010363930880235997
2024,58,200132936.0,0.0002929659208918215
2024,59,1154516335.0,0.0016900463663208625
2024,60,1713822777.0,0.0025087907974786516
2024,61,815118310.0,0.0011932163245980424
2024,62,967300403.0,0.0014159890870932164
2024,63,644207601.0,0.0009430275538079157
2024,64,364664720.0,0.0005338168601671753
2024,65,106177915.0,0.00015542924252282268
2024,66,3274759.0,4.7937776025720255e-06
2024,67,20719949.0,3.033103426622681e-05
2024,68,966763159.0,0.0014152026389135743
2024,69,372411347.0,0.0005451568112927634
2024,70,2047756048.0,0.002997621222946118
2024,71,5303609714.0,0.0077637241274110935
2024,72,24800969022.0,0.036305062393826915
2024,73,9907622084.0,0.014503338059694523
2024,74,5764363047.0,0.008438200938695774
2024,75,238199482.0,0.00034868988580712606
2024,76,5025872692.0,0.007357156952401069
2024,78,730153371.0,0.0010688398371734417
2024,79,1382307279.0,0.0020234996449944804
2024,80,78276657.0,0.00011458580162106975
2024,81,386652830.0,0.0005660043002935754
2024,82,1946573952.0,0.0028495051430800595
2024,83,1715500482.0,0.002511246717029593
2024,84,80448666744.0,0.1177653124380048
2024,85,212908543878.0,0.31166757890842645
2024,86,897343759.0,0.0013135825914829121
2024,87,91869338623.0,0.13448353843871946
2024,88,1934565516.0,0.0028319265146867275
2024,89,24029421387.0,0.03517562728975348
2024,90,16945815484.0,0.02480624397841717
2024,91,152945111.0,0.0002238897114366866
2024,92,112659109.0,0.00016491678118906475
2024,93,2686602074.0,0.003932800199759662
2024,94,1370511818.0,0.0020062327814622904
2024,95,558743517.0,0.0008179203896765904
2024,96,469717378.0,0.0006875988877945699
2024,97,324173892.0,0.00047454409402591236
